"id","feature","category","description","implementation_priority"
1,"Real-time sales counter","Metrics","Live counter showing sales as they happen","High"
2,"Average order value gauge","Metrics","Gauge chart showing AOV vs target","High"
3,"Conversion rate widget","Metrics","Order-to-completion conversion %","Medium"
4,"Customer lifetime value","Metrics","CLV calculation and display","Medium"
5,"Profit margin calculator","Metrics","Gross/net profit margins","High"
6,"Inventory turnover rate","Metrics","How fast inventory sells","High"
7,"Days sales outstanding","Metrics","Average days to payment","Medium"
8,"Order fulfillment time","Metrics","Average time from order to shipment","High"
9,"Product velocity ranking","Metrics","Fastest/slowest moving products","High"
10,"Revenue vs target progress","Metrics","Progress bar towards revenue goal","High"
11,"Weekly sales comparison","Charts","This week vs last week","High"
12,"Monthly trend line","Charts","12-month revenue trend","High"
13,"Quarterly comparison","Charts","Q1/Q2/Q3/Q4 comparison bars","Medium"
14,"Year-over-year growth","Charts","YoY percentage change","Medium"
15,"Sales funnel visualization","Charts","Orders at each stage funnel","High"
16,"Geographic sales map","Charts","Sales by customer location (simple)","Low"
17,"Product performance matrix","Charts","Revenue vs Quantity scatter","Medium"
18,"Profitability heatmap","Charts","Products by profit margin grid","Medium"
19,"Sales velocity chart","Charts","Orders per day/hour trend","Medium"
20,"Category performance radar","Charts","Multi-metric category comparison","Low"
21,"Recent orders feed","Activity","Live feed of new orders","High"
22,"Recent product updates","Activity","Recently modified products","Medium"
23,"Inventory movements log","Activity","Recent stock changes","Medium"
24,"System notifications","Activity","Important alerts and updates","High"
25,"User activity timeline","Activity","Who did what recently","Low"
26,"Order status changes","Activity","Orders that changed status","High"
27,"Low stock warnings","Alerts","Critical inventory alerts","High"
28,"Overdue orders alert","Alerts","Orders past due date","High"
29,"Payment reminders","Alerts","Invoices due soon","Medium"
30,"Reorder suggestions","Alerts","Items below reorder point","High"
31,"Expired products alert","Alerts","Products past expiration","Low"
32,"Quality issues tracker","Alerts","Pending quality checks","Low"
33,"Top 10 customers table","Tables","Best customers by revenue","High"
34,"Top 10 products table","Tables","Best sellers list","High"
35,"Worst performers table","Tables","Low selling products","Medium"
36,"Pending tasks list","Tables","Items requiring action","High"
37,"Upcoming milestones","Tables","Important dates/deadlines","Low"
38,"Profitability by product","Tables","Products ranked by profit","High"
39,"Customer orders history","Tables","Recent customer activity","Medium"
40,"Inventory valuation summary","Tables","Total inventory value breakdown","High"
41,"Sales forecast projection","Forecasting","Next 30/60/90 day forecast","Medium"
42,"Demand prediction","Forecasting","Product demand trends","Low"
43,"Seasonal patterns","Forecasting","Sales patterns by season","Low"
44,"Reorder predictions","Forecasting","When to reorder items","Medium"
45,"Revenue projections","Forecasting","Expected revenue trends","Medium"
46,"Cash flow forecast","Forecasting","Expected cash in/out","Low"
47,"Quick add product button","Actions","Fast product creation","High"
48,"Quick create order","Actions","Fast order entry","High"
49,"Quick inventory adjust","Actions","Fast stock adjustment","High"
50,"Bulk actions menu","Actions","Multi-select actions","Medium"
51,"Print dashboard button","Export","Print-friendly view","High"
52,"Export to PDF","Export","Download dashboard as PDF","High"
53,"Export to CSV","Export","Download data as CSV","High"
54,"Export to Excel","Export","Download as XLSX","Medium"
55,"Email dashboard","Export","Email dashboard snapshot","Low"
56,"Share dashboard link","Export","Generate shareable link","Low"
57,"Custom date picker","Filters","Select any date range","High"
58,"Preset date ranges","Filters","Today/Week/Month/Quarter/Year","High"
59,"Category filter","Filters","Filter by product category","High"
60,"Status filter","Filters","Filter by order status","High"
61,"Customer filter","Filters","Filter by customer","Medium"
62,"Location filter","Filters","Filter by warehouse","High"
63,"Product type filter","Filters","Final vs Sub-assembly","Medium"
64,"Multi-select filters","Filters","Combine multiple filters","High"
65,"Saved filter presets","Filters","Save and reuse filters","Medium"
66,"Dashboard layout editor","Customization","Drag-drop widget arrangement","Medium"
67,"Widget size controls","Customization","Resize widgets","Medium"
68,"Show/hide widgets","Customization","Toggle widget visibility","High"
69,"Color theme selector","Customization","Change chart colors","Low"
70,"Chart type switcher","Customization","Switch chart types per widget","Medium"
71,"Widget refresh interval","Customization","Auto-refresh frequency","Low"
72,"Personal dashboard notes","Customization","Add sticky notes","Low"
73,"Dashboard templates","Customization","Pre-built layouts","Low"
74,"Fullscreen mode","View","Fullscreen dashboard view","Medium"
75,"Compact mode","View","Dense information display","Medium"
76,"Detail view toggle","View","Expand/collapse sections","High"
77,"Grid/list view switcher","View","Different layout options","Medium"
78,"Zoom controls","View","Zoom in/out charts","Medium"
79,"Print preview","View","See how it will print","High"
80,"Mobile responsive view","View","Optimized for mobile","High"
81,"Comparison mode","Analytics","Compare two time periods","High"
82,"Drill-down capability","Analytics","Click to see details","High"
83,"Data tooltips","Analytics","Hover for more info","High"
84,"Metric definitions","Analytics","Help text for metrics","Low"
85,"Statistical summary","Analytics","Mean/median/mode/stdev","Low"
86,"Anomaly detection","Analytics","Flag unusual patterns","Low"
87,"Correlation analysis","Analytics","Find relationships","Low"
88,"Trend analysis","Analytics","Identify trends","Medium"
89,"Benchmark comparison","Analytics","Compare to industry avg","Low"
90,"Variance analysis","Analytics","Actual vs planned","Low"
91,"Widget search","Navigation","Search for widgets","Low"
92,"Widget favorites","Navigation","Star favorite widgets","Medium"
93,"Quick links sidebar","Navigation","Quick access menu","Medium"
94,"Breadcrumb navigation","Navigation","Location indicator","Low"
95,"Keyboard shortcuts","Navigation","Power user shortcuts","Medium"
96,"Widget tooltips","Help","Explain what each widget shows","Low"
97,"Dashboard tutorial","Help","Interactive guide","Low"
98,"Help center link","Help","Link to documentation","Low"
99,"Feedback button","Help","Submit feedback","Low"
100,"System status indicator","System","API health, uptime","Medium"

